epoch,time,train/box_loss,train/cls_loss,train/l1_loss,metrics/precision(B),metrics/recall(B),metrics/mAP50(B),metrics/mAP50-95(B),val/box_loss,val/cls_loss,val/l1_loss,lr/pg0,lr/pg1,lr/pg2
1,479.673,1.93021,3.91596,0.01718,0.78698,0.3592,0.41987,0.18998,1.89848,3.3454,0.02032,0.000219202,0.000219202,0.000219202
2,971,1.82052,2.27914,0.01704,0.57723,0.4518,0.44693,0.20242,1.92287,2.2657,0.02162,0.000437164,0.000437164,0.000437164
3,1426.94,1.86786,1.94861,0.01705,0.73138,0.46566,0.47807,0.20676,1.96181,1.89728,0.02235,0.000650724,0.000650724,0.000650724
4,1873.07,1.83317,1.76692,0.01703,0.63562,0.46379,0.49439,0.23559,1.89497,1.75783,0.02131,0.00064719,0.00064719,0.00064719
5,2325.68,1.83504,1.68748,0.01693,0.84636,0.42499,0.50036,0.23958,1.90416,1.67211,0.0213,0.000640587,0.000640587,0.000640587
6,2916.01,1.79824,1.63798,0.01637,0.56041,0.50989,0.50654,0.22283,1.91236,1.67536,0.02136,0.000633983,0.000633983,0.000633983
7,3576.49,1.78793,1.59101,0.01643,0.6755,0.50209,0.5231,0.24263,1.8703,1.57772,0.02054,0.00062738,0.00062738,0.00062738
8,4213.97,1.7735,1.52099,0.01608,0.69742,0.48493,0.53311,0.2537,1.86798,1.54385,0.02026,0.000620777,0.000620777,0.000620777
9,4918.94,1.75412,1.45367,0.01552,0.59493,0.50984,0.53208,0.25118,1.86899,1.52815,0.02053,0.000614174,0.000614174,0.000614174
